{
  "project_info": {
    "project_number": "1234567890",
    "firebase_url": "https://smartringer-b177554654-default-rtdb.asia-southeast1.firebasedatabase.app",
    "project_id": "smartringer-b177554654",
    "storage_bucket": "smartringer-b177554654.appspot.com"
  },
  "client": [
    {
      "client_info": {
        "mobilesdk_app_id": "1:1234567890:android:abcdef123456789abcdef",
        "android_client_info": {
          "package_name": "com.example.notifierapp"
        }
      },
      "oauth_client": [
        {
          "client_id": "1234567890-abcdefghijklmnopqrstuvwxyz123456.apps.googleusercontent.com",
          "client_type": 3
        }
      ],
      "api_key": [
        {
          "current_key": "AIzaSyDummy-Key-For-Testing-Replace-With-Real"
        }
      ],
      "services": {
        "appinvite_service": {
          "other_platform_oauth_client": [
            {
              "client_id": "1234567890-abcdefghijklmnopqrstuvwxyz123456.apps.googleusercontent.com",
              "client_type": 3
            }
          ]
        }
      }
    }
  ],
  "configuration_version": "1"
}